--
-- テーブルのデータのダンプ `migrations`
--

INSERT INTO `migrations` (`id`, `name`, `run_on`) VALUES
(2, '/20171029074139-rename-m-family', '2017-10-31 14:59:17'),
(4, '/20171031054842-add-t-notice', '2017-10-31 15:06:00'),
(5, '/20171031070146-addColumn-m-suggestion', '2017-10-31 16:03:20');

-- --------------------------------------------------------
--
-- テーブルのデータのダンプ `m_family`
--

INSERT INTO `m_family` (`id`, `timestamp`) VALUES
(1, '2017-10-29 16:33:46'),
(2, '2017-10-31 06:51:48');

-- --------------------------------------------------------
--
-- テーブルのデータのダンプ `m_suggestion`
--

INSERT INTO `m_suggestion` (`id`, `title`, `point`) VALUES
(1, '近くのケーキ屋さんがあります。\r\nショートケーキを買ってかえりましょう。', 30),
(2, '近くのケーキ屋さんがあります。\r\nショートケーキを買ってかえりましょう２。', 35),
(3, '近くのケーキ屋さんがあります。\r\nショートケーキを買ってかえりましょう3。', 40);

-- --------------------------------------------------------
--
-- テーブルのデータのダンプ `m_suggestion_detail`
--

INSERT INTO `m_suggestion_detail` (`id`, `suggestion_id`, `task_contents`) VALUES
(1, 1, 'ケーキ屋に向かいましょう'),
(2, 1, 'ケーキ屋に入りましょう'),
(3, 1, 'ケーキを選びましょう。'),
(4, 1, 'ケーキの代金を払いましょう'),
(5, 2, 'ケーキ屋に向かいましょう'),
(6, 2, 'ケーキ屋に入りましょう'),
(7, 2, 'ケーキを選びましょう。'),
(8, 2, 'ケーキの代金を払いましょう'),
(9, 3, 'ケーキ屋に向かいましょう'),
(10, 3, 'ケーキ屋に入りましょう'),
(11, 3, 'ケーキを選びましょう。'),
(12, 3, 'ケーキの代金を払いましょう');

-- --------------------------------------------------------
--
-- テーブルのデータのダンプ `t_family_structure`
--

INSERT INTO `t_family_structure` (`id`, `family_id`, `name`, `type`) VALUES
(1, 1, 'おとうさん', '父'),
(2, 1, 'お母さん', '母'),
(3, 1, '息子さん', '息子'),
(4, 1, '娘さん', '娘'),
(5, 2, 'まさお', '父'),
(6, 2, 'まさこ', '母'),
(7, 2, 'のぶお', '息子'),
(8, 2, 'のぶこ', '娘');
-- --------------------------------------------------------
--
-- テーブルのデータのダンプ `t_notice`
--

INSERT INTO `t_notice` (`id`, `family_structure_id`, `title`, `notice_contents`, `result_contents`, `is_skip`, `is_old`) VALUES
(1, 1, ' 奥さんの機嫌が悪いです。', '家族円満に協力してください。', NULL, 0, 0),
(2, 2, ' お父さんの機嫌が悪いです。', '家族円満に協力してください。', NULL, 0, 0),
(3, 2, ' お父さんの機嫌が悪いです。', '家族円満に協力してください。', NULL, 1, 1);

-- --------------------------------------------------------
--
-- テーブルのデータのダンプ `t_notice_suggestion`
--

INSERT INTO `t_notice_suggestion` (`id`, `notice_id`, `suggestion_id`, `receiving`) VALUES
(1, 1, 1, 0),
(2, 1, 2, 0),
(3, 1, 3, 0);

-- --------------------------------------------------------